rcid,company,factset_entity_id
568988,"Wolfspeed, Inc.",0010YB-E
88757,"C3.ai, Inc.",07W7MZ-E
127582,Luminex Corp.,002SFF-E
22142783,"Walmart, Inc.",000YMS-E
1263833,"Cerence, Inc.",0LCVZ7-E
896391,"Digi International, Inc.",000HKB-E
288789,"Airgain, Inc.",007H7D-E
1179262,"PowerFleet, Inc.",0L11RW-E
22264555,"Leslie's, Inc.",0MY33Y-E
1489790,General Electric Co.,000KYG-E
938330,Nucor Corp.,000RHT-E
1223555,NVIDIA Corp.,00208X-E
1343514,QuickLogic Corp.,001PRG-E
100034,"Dolby Laboratories, Inc.",05MHNR-E
65304,"Akebia Therapeutics, Inc.",06TNW4-E
811891,Aptiv Plc,00D7D5-E
406145,"Barnes & Noble Education, Inc.",0FCHZZ-E
739474,Polaris Inc.,000TJP-E
459137,"Sarepta Therapeutics, Inc.",001H2N-E
421461,"Allogene Therapeutics, Inc.",0JBQJ2-E
20930420,"Boot Barn Holdings, Inc.",00G5WJ-E
315319,Columbus McKinnon Corp.,0018KH-E
21007446,"American Airlines Group, Inc.",0D665Z-E
8084780,Trinseo Plc,0PGNXM-E
538792,"Quest Diagnostics, Inc.",001CGF-E
22224662,Elastic NV,0CV6B3-E
711799,"AVITA Medical, Inc.",0MHZQ9-E
275866,"Eventbrite, Inc.",07QB1V-E
1178236,Ensono LLC,0015GD-E
1177999,"WideOpenWest, Inc.",0D4PZD-E
517893,Perrigo Co. Plc,0D8QKN-E
904642,"Rent-A-Center, Inc.",00316P-E
20926630,"BlueLinx Holdings, Inc.",006BWV-E
22142030,"American International Group, Inc.",000BZV-E
5257,Creative Technology Ltd.,0011LN-E
102732,"Cutera, Inc.",003H81-E
1397161,"Proofpoint, Inc.",0053KS-E
71241,"Zovio, Inc.",006GD4-E
22148391,"Employers Holdings, Inc.",008R5Y-E
813537,"MRC Global, Inc.",07C7NG-E
786030,Comcast Corp.,05LL2F-E
817854,"PDL BioPharma, Inc.",06C5B2-E
20952345,"Cinemark Holdings, Inc.",06KYVP-E
1052785,"LeMaitre Vascular, Inc.",004G1T-E
882066,Quanex Building Products Corp.,009X9C-E
248417,Kimberly-Clark Corp.,000NVS-E
383416,"Take-Two Interactive Software, Inc.",001Q09-E
449435,U.S. Bancorp,001R78-E
22243082,"Avantor, Inc.",0GKBXK-E
705146,"Supernus Pharmaceuticals, Inc.",06C8FT-E
929748,"Arlo Technologies, Inc.",0J04DL-E
1089316,"Cornerstone OnDemand, Inc.",003KH5-E
447852,"Daktronics, Inc.",001C9Z-E
95046,"Sonoma Pharmaceuticals, Inc.",005TVW-E
22250515,Northwest Natural Holding Co.,0J62CK-E
735474,"Frontdoor, Inc.",0JV65B-E
22150786,"GoDaddy, Inc.",00G546-E
409938,TD SYNNEX Corp.,05M0BF-E
360822,"Seacor Marine Holdings, Inc.",0G7VWX-E
1474903,"DaVita, Inc.",0015RG-E
642928,"Macy's, Inc.",000JHP-E
688977,"Kirkland's, Inc.",0022BW-E
347418,CyberArk Software Ltd.,07731L-E
949694,"Computer Task Group, Inc.",000F2Q-E
154422,"Integrity Media, Inc.",001B9Y-E
1235260,Deere & Co.,000FMM-E
260743,"Celldex Therapeutics, Inc.",07F401-E
208520,Bank of Montreal,000CKX-E
53598,"Novavax, Inc.",001715-E
37526,"Oak Street Health, Inc.",00F82C-E
75892,"AIM ImmunoTech, Inc.",0014KP-E
953100,"Neurocrine Biosciences, Inc.",0013YM-E
66267,"SIGA Technologies, Inc.",001M2B-E
929633,"Groupon, Inc.",0736TJ-E
611818,"VBI Vaccines, Inc.",0G7LD3-E
22263667,"Unity Software, Inc.",0MRG1B-E
987431,"Build-A-Bear Workshop, Inc.",0068QT-E
1093338,"Upwork, Inc.",0F07DJ-E
929356,"Gaia, Inc.",002L2R-E
382011,"Urban Outfitters, Inc.",000Y6D-E
218708,"Cable One, Inc.",05RPMV-E
1361481,"Asbury Automotive Group, Inc.",003BQ1-E
121843,"Nelnet, Inc.",004WJ2-E
21012406,Medtronic Plc,0DRH2W-E
892139,"Pegasystems, Inc.",0015K9-E
1389298,"Rocky Brands, Inc.",0014S9-E
709340,Century Aluminum Co.,0013M0-E
22178039,"Philip Morris International, Inc.",072GKL-E
515046,iRobot Corp.,006MGK-E
1360394,"Lakeland Industries, Inc.",000NYW-E
20965286,Atlanticus Holdings Corp.,07X89T-E
810068,Enovis Corp.,0025Z9-E
441431,Molson Coors Beverage Co.,006W68-E
635563,Chevron Corp.,000DP6-E
1462881,"ACADIA Pharmaceuticals, Inc.",0033SF-E
304050,"Orgenesis, Inc.",00BYTX-E
1305690,"ConforMIS, Inc.",006GY5-E
532444,Edwards Lifesciences Corp.,002Q6V-E
153413,"Reliv' International, Inc.",0013ZH-E
1367292,"Williams-Sonoma, Inc.",000YWZ-E
279872,McKesson Corp.,000PM1-E
1420415,"Cracker Barrel Old Country Store, Inc.",07HRY8-E
1240147,"Astec Industries, Inc.",000CCG-E
1335800,"Sprout Social, Inc.",09R39L-E
512243,"Jack in the Box, Inc.",002Q2Z-E
293054,Ball Corp.,000CJY-E
148846,The J. M. Smucker Co.,000WMS-E
997908,"Itron, Inc.",0011NL-E
1009716,Cedar Fair LP,000DGT-E
870909,"Green Brick Partners, Inc.",008V3T-E
63513,"Cheesecake Factory, Inc.",00152X-E
564731,"Jack Henry & Associates, Inc.",000LMZ-E
753877,"VeriSign, Inc.",001VHN-E
982102,"Heartland Financial USA, Inc.",0014KM-E
835057,"Personalis, Inc.",00DD8T-E
471501,"Best Buy Co., Inc.",000CSN-E
1128570,Plexus Corp.,000THT-E
350837,Lindsay Corp.,000P6Q-E
776659,Cabot Corp.,000D61-E
195887,Check Point Software Technologies Ltd.,001K11-E
676468,"Evergy, Inc.",0H67KD-E
734388,"Brighthouse Financial, Inc.",0GKYGX-E
932173,"Bel Fuse, Inc.",000CQ1-E
22141982,Abbott Laboratories,000BG2-E
1322313,"Root, Inc.",0FF61L-E
1311350,Intel Corp.,000N01-E
291535,"Omnicom Group, Inc.",000SVP-E
282642,"Resources Connection, Inc.",003129-E
1191500,Wells Fargo & Co.,000RGR-E
20946352,"LL Flooring Holdings, Inc.",062R1V-E
1017034,CVS Health Corp.,001HHK-E
1000539,International Paper Co.,000N29-E
893202,CEL-SCI Corp.,0012QB-E
1415839,Psychemedics Corp.,000V1M-E
1400269,"MetLife, Inc.",002PV7-E
1022248,Avery Dennison Corp.,000CGC-E
960049,"Viavi Solutions, Inc.",002KXQ-E
22147976,"Alphatec Holdings, Inc.",007Y80-E
442731,"Charter Communications, Inc.",068SR5-E
1052963,"Turning Point Brands, Inc.",005W2Y-E
1031573,"Kontoor Brands, Inc.",0KRVR1-E
73989,"AMETEK, Inc.",000C32-E
22143574,"Boston Beer Co., Inc.",001CBK-E
1035416,Valley National Bancorp,000Y8X-E
381467,Nova Ltd.,003575-E
71126,"Chimerix, Inc.",004SBT-E
1359028,Compugen Ltd.,00356F-E
1443159,"Comstock, Inc.",0036CJ-E
475155,Haemonetics Corp.,001733-E
1292986,"Zuora, Inc.",009XCW-E
628187,"One Stop Systems, Inc.",0646Y1-E
952591,"CMTSU Liquidation, Inc.",0011LH-E
1238939,"Church & Dwight Co., Inc.",000DQG-E
21022694,"Herc Holdings, Inc.",0GCPCS-E
642206,ArcBest Corp.,000C9D-E
22256419,"Aterian, Inc.",0KYRFG-E
600328,"Tyson Foods, Inc.",000XZR-E
562419,"Energizer Holdings, Inc.",00GLK2-E
1155737,IMAX Corp.,001H76-E
186261,Deckers Outdoor Corp.,0014G8-E
682364,"The Children's Place, Inc.",001QX0-E
30961,LifeVantage Corp.,001611-E
180932,"Stanley Black & Decker, Inc.",088S35-E
675968,"Hasbro, Inc.",000LJT-E
512590,"Illinois Tool Works, Inc.",000M15-E
364664,Meritage Homes Corp.,001GPX-E
22142390,International Business Machines Corp.,000N1N-E
545994,Clean Energy Fuels Corp.,008LTG-E
160591,"Acer Therapeutics, Inc.",0HFQ50-E
331159,"Insperity, Inc.",001DBB-E
154145,"Aware, Inc. (Massachusetts)",00180M-E
1395870,"Global Water Resources, Inc.",00B72K-E
1149276,Brown-Forman Corp.,000D2K-E
932371,"Cadence Design Systems, Inc.",000D69-E
855622,Astrotech Corp.,0011C9-E
800618,"Avnet, Inc.",000CGH-E
212624,"Covetrus, Inc.",0JLSZJ-E
700260,"Bottomline Technologies, Inc.",0028JG-E
471430,"Conduent, Inc.",0GCKSW-E
381043,"Asana, Inc.",08BFN8-E
1318947,"Krispy Kreme, Inc.",06HXY9-E
22144166,"Carter's, Inc.",002260-E
607865,"Stride, Inc.",007TQY-E
651754,"NETGEAR, Inc.",00317Y-E
1108805,"Biora Therapeutics, Inc.",0DTJ18-E
799,"Sumo Logic, Inc.",0BW6ZR-E
1141065,Cintas Corp.,000DRP-E
298838,"JAKKS Pacific, Inc.",00173D-E
218642,"The Descartes Systems Group, Inc.",002ZH3-E
21046367,"Petco Health & Wellness Company, Inc.",0N5VG5-E
1096494,"Micron Technology, Inc.",000PZY-E
1233064,"United Natural Foods, Inc.",001BYF-E
688100,"Globalstar, Inc.",008GDZ-E
341072,Masimo Corp.,001DY1-E
851738,Northrop Grumman Corp.,0034R9-E
1437038,Royal Caribbean Group,001JWC-E
22142055,"AptarGroup, Inc.",000C80-E
1013753,"United Rentals, Inc.",0025FY-E
255680,Bruker Corp.,002X70-E
771437,"AutoZone, Inc.",0011SR-E
22144432,"Fresh Del Monte Produce, Inc.",002BMT-E
652578,"TechTarget, Inc.",005YPB-E
613374,"Booking Holdings, Inc.",0029GL-E
20928402,American Water,009KX0-E
832829,"LSI Industries, Inc.",000P9R-E
1440281,"Fate Therapeutics, Inc.",070JFC-E
519135,"Aquestive Therapeutics, Inc.",00988N-E
154670,"Synopsys, Inc.",000X5K-E
795059,"Under Armour, Inc.",067DXX-E
20930457,"Zillow Group, Inc.",00GB72-E
22255782,Xerox Holdings Corp.,0KQSGV-E
101069,"Health Catalyst, Inc.",0CHDN2-E
22142476,3M (Schweiz) GmbH,000Q29-E
22142436,"The Manitowoc Co., Inc.",000PF5-E
1006006,"Chipotle Mexican Grill, Inc.",005RBG-E
1384163,"Amneal Pharmaceuticals, Inc.",0HNM9J-E
1142315,"SelectQuote, Inc.",062FGK-E
965023,VolitionRX Ltd.,0C3W4B-E
614617,"Advance Auto Parts, Inc.",003CZW-E
984437,"Athenex, Inc.",00695P-E
50160,Ultralife Corp.,000Y0Q-E
1167052,Kellogg Co.,000NH1-E
356691,"Amyris, Inc.",008CMY-E
22142740,TrustCo Bank Corp. NY,000XY7-E
1433807,"Principal Financial Group, Inc.",001K97-E
441320,"Staples, Inc.",000WVZ-E
1432740,nVent Electric Plc,0HKMQP-E
626759,"QUALCOMM, Inc.",000V67-E
1080000,"GlycoMimetics, Inc.",062RZ9-E
292477,"Conifer Holdings, Inc.",00CTFV-E
1165512,"EMCOR Group, Inc.",000J03-E
1254690,KB Home,000NGP-E
830743,"Ardelyx, Inc.",07ZN4D-E
943206,Apyx Medical Corp.,000C47-E
22143839,"Coffee Holding Co., Inc.",001NTP-E
22230411,TimkenSteel Corp.,0DL4HD-E
32027,"Revance Therapeutics, Inc.",008ZWN-E
231481,"Medifast, Inc.",001B9K-E
363317,"Lyft, Inc.",07V3WZ-E
1494801,Emerson Electric Co.,000J0M-E
185214,"RealPage, Inc.",05MFQW-E
1117433,Curtiss-Wright Corp.,000FG7-E
762166,Goodyear Tire & Rubber Co.,000L54-E
12105,"REV Group, Inc.",0B0J0G-E
22255068,"GTY Technology Holdings, Inc.",0KJ9T9-E
358207,"HCI Group, Inc.",0099GV-E
1379680,Preformed Line Products Co.,0037HD-E
983784,Infinera Corp.,00694W-E
53443,"NortonLifeLock, Inc.",000X58-E
1387559,Modine Manufacturing Co.,000Q4W-E
7961131,"The Travelers Cos., Inc.",000WV4-E
543448,JPMorgan Chase & Co.,0035K2-E
1392010,"Selective Insurance Group, Inc.",00130Z-E
20930520,"Lumentum Holdings, Inc.",00GMW7-E
833165,"Cemtrex, Inc.",0033TL-E
1212052,"Qorvo, Inc.",0DX8BF-E
370332,"ResMed, Inc.",0011QQ-E
250717,"iHeartMedia, Inc.",0794G2-E
654258,"Five9, Inc.",064TYD-E
142067,"cbdMD, Inc.",0FM3GR-E
355889,Pentair Plc,00DXNY-E
22243162,"IQVIA Holdings, Inc.",0GKVG7-E
22148827,"Q2 Holdings, Inc.",009KPH-E
22247866,"Harmony Biosciences Holdings, Inc.",0HH47P-E
1176247,athenahealth Inc,005TLP-E
1300095,"Globus Medical, Inc.",005YL8-E
999273,Portland General Electric Co.,05SWQW-E
734612,Jazz Pharmaceuticals Plc,0CBRZ9-E
149328,"Celsius Holdings, Inc.",007S8Y-E
651830,The Middleby Corp.,000Q0V-E
927829,"FlexShopper, Inc.",00972K-E
389543,"Arbor Realty Trust, Inc.",004S84-E
385675,Ralph Lauren Corp.,001MY1-E
763902,Reliance Steel & Aluminum Co.,0019QP-E
1058616,The Coca-Cola Co.,000DWY-E
794052,"Armstrong World Industries, Inc.",000C9Q-E
434721,"USANA Health Sciences, Inc.",0015SQ-E
1167604,The AES Corp.,0013FQ-E
302157,"Rocket Pharmaceuticals, Inc.",0HVK3K-E
22266659,"ChargePoint Holdings, Inc.",0NDD6P-E
454261,"Motorcar Parts of America, Inc.",0010DM-E
502654,"Extreme Networks, Inc.",002BMR-E
1247736,"BioMarin Pharmaceutical, Inc.",002GTF-E
1359692,"Amazon.com, Inc.",001MF1-E
906797,"Amgen, Inc.",000C35-E
22239946,"Zions Bancorporation, NA",0G2DJ3-E
243649,"PulteGroup, Inc.",000V2H-E
1291760,"Atossa Therapeutics, Inc.",00CHS1-E
1206531,"Nature's Sunshine Products, Inc.",000R4B-E
831884,"Shoe Carnival, Inc.",000WFD-E
534729,"Baxter International, Inc.",000CNJ-E
628216,"Tabula Rasa Healthcare, Inc.",0FZVXR-E
359449,Eli Lilly & Co.,000P56-E
22248482,Jamf Holding Corp.,0HMD2R-E
963081,"Thor Industries, Inc.",000XQB-E
907610,Adaptive Biotechnologies Corp.,0DMSKV-E
1468159,Sabre Corp.,09LDT7-E
22149981,"Floor & Decor Holdings, Inc.",00CXPW-E
22142041,American Vanguard Corp.,000C28-E
1370175,"Analog Devices, Inc.",000C4B-E
67675,"Zimmer Biomet Holdings, Inc.",0036P0-E
1236002,"Power Integrations, Inc.",001SBH-E
433379,Duke Energy Corp.,06F9DV-E
213410,"Remark Holdings, Inc.",009345-E
478711,"CareCloud, Inc.",06NJVF-E
1208331,"Box, Inc.",008K6T-E
20957087,"Mastercraft Boat Holdings, Inc.",06Y1LP-E
996015,CTS Corp.,000FFH-E
864694,"Electronic Arts, Inc.",000HZ5-E
941029,"FormFactor, Inc.",003KND-E
600323,"NovaBay Pharmaceuticals, Inc.",0090SN-E
975721,AppLovin Corp.,0DY159-E
654362,"Infinity Pharmaceuticals, Inc.",05X0X5-E
1345140,"Biodesix, Inc.",00BBVP-E
1454162,"Endurance International Group Holdings, Inc.",07FNZD-E
1524533,"Cars.com, Inc.",0GJ20X-E
1112205,"Universal Electronics, Inc.",000Y5V-E
472640,Oracle Corp.,000SY8-E
1390353,"FARO Technologies, Inc.",001R9J-E
1326670,EMCORE Corp.,001G3Z-E
1008117,NCR Corp.,001CKB-E
22142077,"Applied Industrial Technologies, Inc.",000CPM-E
380984,"Rhythm Pharmaceuticals, Inc.",00FMDK-E
732675,"Advanced Drainage Systems, Inc.",062SK6-E
1442074,"OneSpan, Inc.",001SDK-E
647711,Denny's Corp.,003G45-E
31453,"LightPath Technologies, Inc.",0016B6-E
1123738,"Axcelis Technologies, Inc.",002XS0-E
1445985,"Hudson Global, Inc.",0046GC-E
1348064,"Interpublic Group of Cos., Inc.",000N2T-E
927555,Data I/O Corp.,000FJ4-E
379,"Tactile Systems Technology, Inc.",0068L2-E
1339131,"OncoSec Medical, Inc.",00BG5W-E
683149,"Collegium Pharmaceutical, Inc.",00772J-E
615678,Alliant Energy Corp.,002KG0-E
22258387,Repay Holdings Corp.,0L7XNM-E
697646,"InterDigital, Inc.",000N0T-E
7967251,"InfuSystem Holdings, Inc.",009QXF-E
1050907,"Intuit, Inc.",0011HX-E
578860,"Sequential Brands Group, Inc.",0FP6ZJ-E
1188053,"BJ's Restaurants, Inc.",00199X-E
22142290,"Franklin Electric Co., Inc.",000KQK-E
708822,AAR Corp.,000BFS-E
210447,"Model N, Inc.",062YCW-E
13704,"Infoblox, Inc.",004D71-E
350828,"International Flavors & Fragrances, Inc.",000N1Z-E
995431,"iCAD, Inc.",05JLV2-E
155638,CONMED Corp.,000F3M-E
603230,"Cincinnati Bell, Inc.",000DRG-E
1475870,"Magna International, Inc.",000PCN-E
1489898,"Paratek Pharmaceuticals, Inc.",0DYXH5-E
800198,Korn Ferry (800198),0025XP-E
548312,"Harmonic, Inc.",0011N7-E
723539,"Super Micro Computer, Inc.",008MS1-E
1078498,"DZS, Inc.",0G7L5S-E
871779,Federal Home Loan Mortgage Corp.,001DKD-E
1214131,"La-Z-Boy, Inc.",000NYB-E
187634,SolarWinds Corp.,0JR0YB-E
267301,"Citigroup, Inc.",0027L0-E
317413,"Cellular Biomedicine Group, Inc.",0D1159-E
286162,CDW Corp.,0017ZH-E
27608,"R1 RCM, Inc.",07MJ09-E
1266572,"Spok Holdings, Inc.",005WVG-E
1062201,"Keysight Technologies, Inc.",00FZYT-E
33645,ICON plc,003535-E
1403326,The Chemours Co.,00GHHT-E
673886,"Luna Innovations, Inc.",004LC9-E
22176739,DallasNews Corp.,06Y3ZW-E
704326,"MAXIMUS, Inc.",001JTB-E
21022337,"Camping World Holdings, Inc.",0GB44Q-E
840759,"Cummins, Inc.",000FFW-E
1129061,"Hilltop Holdings, Inc.",0052QN-E
368509,"The Shyft Group, Inc.",000WS4-E
751623,"Copart, Inc.",0016XZ-E
619725,"Cavco Industries, Inc.",000DG3-E
544394,Quanterix Corp.,009FRV-E
273054,Lumen Ltd.,09SD1S-E
28366,"Good Times Restaurants, Inc.",000L4W-E
117838,"Brookdale Senior Living, Inc.",007J7M-E
1274564,OrthoPediatrics Corp.,008YYJ-E
194608,"Elevance Health, Inc.",060W5N-E
1058510,"Calix, Inc.",063VNM-E
99142,Clearwater Paper Corp.,07HTTK-E
663896,"Hostess Brands, Inc.",0GMR5F-E
351560,"The Est√©e Lauder Companies, Inc.",00172R-E
436314,Unisys Corp.,000Y2H-E
1400574,"Cisco Systems, Inc.",000DS6-E
817951,Dynavax Technologies Corp.,00339Z-E
727432,"Reinsurance Group of America, Inc.",0011JV-E
161289,"KVH Industries, Inc. (Delaware)",00145K-E
738796,"Key Energy Services, Inc.",000NST-E
1374849,"Autodesk, Inc.",000CFP-E
1248511,"STRATA Skin Sciences, Inc.",006KJ5-E
596227,"Actinium Pharmaceuticals, Inc.",0D3NDV-E
1415152,GAN Ltd.,0M5DD6-E
578185,Tennant Co.,000XNB-E
21022660,"Tenable Holdings, Inc.",0GCG40-E
380780,"Builders FirstSource, Inc.",05KS47-E
81479,"Altair Engineering, Inc.",05SJ80-E
22147279,"ExlService Holdings, Inc.",006N6Y-E
1130812,Invitae Corp.,00CSRH-E
185521,Flowserve Corp.,000D30-E
986459,"Coupa Software, Inc.",008XF1-E
347876,L.B. Foster Co.,000KPJ-E
295170,WD-40 Co.,000YQL-E
254822,"Ryder System, Inc.",000VMV-E
739347,Target Corp.,002RXT-E
22251329,"Pluralsight, Inc.",0JF2TT-E
22268952,Expro Group Holdings NV,0PFBPW-E
1261979,"Chico's FAS, Inc.",000DPF-E
1116644,"Workday, Inc.",06ZK05-E
22224351,Axalta Coating Systems Ltd.,0CSK0C-E
316548,"Pactiv Evergreen, Inc.",070J80-E
638873,The Mosaic Co.,0BT29H-E
760637,"Commercial Vehicle Group, Inc.",005WNS-E
750952,"Apollo Endosurgery, Inc.",0GR2N1-E
1142317,"Papa John's International, Inc.",000ZLZ-E
22239664,Chubb Ltd.,0G0L3Q-E
22144517,"Newell Brands, Inc.",002FH6-E
428239,Union Pacific Corp.,000Y1Z-E
1121778,Discover Financial Services,061F6G-E
232088,"Block, Inc.",08BZTM-E
1014966,"GoPro, Inc.",0BN1G1-E
458678,BSQUARE Corp.,002LXH-E
1418721,"L3Harris Technologies, Inc.",0L6CPF-E
660085,"SmileDirectClub, Inc.",0LCC8P-E
930658,"OraSure Technologies, Inc.",002YS3-E
1072323,"Nordstrom, Inc.",000RD1-E
1253308,Green Dot Corp.,005Q0J-E
1268269,"Guess?, Inc.",0014KB-E
1049656,"NetScout Systems, Inc.",002G9Q-E
1180674,PVH Corp.,000TCV-E
776386,Internap Holding LLC,002LBF-E
1256989,"IDEXX Laboratories, Inc.",001191-E
22226978,Knowles Corp.,0D5GPD-E
1196578,BlackBerry Ltd.,002TMH-E
22142647,Shenandoah Telecommunications Co. (Virginia),000WF1-E
474317,Blink Charging Co.,08HHKT-E
604513,Campbell Soup Co.,000D8R-E
20994677,Allscripts LLC,0B0G82-E
256804,"iRhythm Technologies, Inc.",008ZT3-E
972768,Rogers Corp.,000VK6-E
357217,Lam Research Corp.,000NYZ-E
1233178,"Meta Platforms, Inc.",0077YX-E
7961795,"Coda Octopus Group, Inc.",00183Z-E
1112079,"PepsiCo, Inc.",000T99-E
1010588,"AutoNation, Inc.",002FQK-E
954139,EnerSys,05MBY3-E
210592,"PCTEL, Inc.",002LJN-E
755313,"Penn Entertainment, Inc.",0012RS-E
98643,"Netflix, Inc.",002X9M-E
243687,Arthur J. Gallagher & Co. (243687),000KW7-E
736192,"Standard Motor Products, Inc.",000WVH-E
1006846,Digimarc Corp.,07FWBG-E
597372,"Overstock.com, Inc.",003Q2V-E
452822,New Jersey Resources Corp.,000R7G-E
1430958,"Artivion, Inc.",0010QL-E
289882,"Barrett Business Services, Inc.",000CM4-E
1300063,Perdoceo Education Corp.,001T62-E
572916,"ADMA Biologics, Inc.",008FZT-E
68,Westinghouse Air Brake Technologies Corp.,0013CH-E
477639,"eBay, Inc.",0024V8-E
95472,"NightHawk Biosciences, Inc.",00C9HF-E
1006245,"Castle Biosciences, Inc.",00BJ80-E
13284,3D Systems Corp.,0013LF-E
1344198,"Natera, Inc.",06Z8VR-E
382575,Nikola Corp.,0M17V7-E
21036982,"Bill.com Holdings, Inc.",0KX944-E
1443135,"GWG Holdings, Inc.",0BVVQ6-E
907994,"AtriCure, Inc.",006LDN-E
1074197,DURECT Corp.,002XC4-E
834368,"Inspire Medical Systems, Inc.",07PFTG-E
539407,"Kaleido Biosciences, Inc.",0G2TR0-E
49781,"Evolus, Inc.",00FCVN-E
153205,"Electromed, Inc.",081P81-E
923420,"Lennox International, Inc.",002FQ7-E
602406,"Marchex, Inc.",0058BT-E
1065506,"Encore Capital Group, Inc.",002GQ9-E
122917,Laboratory Corp. of America Holdings,000NYF-E
842979,"Ultragenyx Pharmaceutical, Inc.",00D326-E
1213519,"Salem Media Group, Inc.",001VWN-E
22142948,PG&E Corp.,001274-E
7596268,"AxoGen, Inc.",0C4ZMD-E
91347,"Coherus BioSciences, Inc.",0CT6N9-E
939738,Levi Strauss & Co.,000WZW-E
1239411,TechnipFMC Plc,0GG8BZ-E
998949,Entravision Communications Corp.,002XDJ-E
47061,"Gap, Inc.",000KWJ-E
172513,"Inuvo, Inc.",001DQ7-E
1134784,"ManpowerGroup, Inc.",000PFH-E
1018715,"BioLife Solutions, Inc.",000FF0-E
1334210,Wave Systems Corp.,00115R-E
13555,EchoStar Corp.,009RJM-E
7883876,"Rubicon Technology, Inc.",004G2S-E
460375,"Salon Media Group, Inc.",002G60-E
942187,"AngioDynamics, Inc.",05KQF0-E
210257,"Agenus, Inc.",002PYJ-E
153455,"SCYNEXIS, Inc.",05T779-E
58921,"Gigamon, Inc.",09HX34-E
598083,Sealed Air Corp.,000VWG-E
119995,"Mirati Therapeutics, Inc.",05V1WP-E
236874,"Ubiquiti, Inc.",08DLR6-E
1314252,"Foot Locker, Inc.",00247P-E
978282,"SINTX Technologies, Inc.",006L92-E
468939,"NOV, Inc.",05ZN64-E
20921805,Lockheed Martin Corp.,000P7N-E
235604,Neogen Corp.,000R5B-E
622450,Panera Bread Co.,002JQM-E
287573,"VMware, Inc.",05WNR8-E
401234,"LGI Homes, Inc.",00FNSC-E
1294209,A. O. Smith Corp.,000WJS-E
997118,Geospace Technologies Corp.,001SWW-E
22231454,"Elevate Credit, Inc.",0DPGZB-E
618620,"Ovintiv, Inc.",0LWYF0-E
867839,"Everi Holdings, Inc.",0071WY-E
490415,"Clear Channel Outdoor Holdings, Inc.",061523-E
913399,"2U, Inc.",00BWP8-E
20924900,"AMN Healthcare Services, Inc.",003B3Z-E
1242326,"Codexis, Inc.",0068YW-E
265323,"Etsy, Inc.",008HL3-E
859211,JFrog Ltd.,0DDCVJ-E
22237150,Hewlett Packard Enterprise Co.,0FM7LR-E
1344354,"Huntington Bancshares, Inc.",000LVH-E
119235,PetSmart LLC,000TBR-E
1368512,"Rekor Systems, Inc.",0GV747-E
1418727,"ContextLogic, Inc.",0BKTLT-E
770049,"Workiva, Inc.",00BGX3-E
165154,"Dorman Products, Inc.",06GFFX-E
230327,Valero Energy Corp.,000Y8N-E
239923,"Mondelez International, Inc.",002RNG-E
4305202,Iradimed Corporation,0C7Y7T-E
387660,Destination Maternity Corp.,000Q8D-E
692801,"Snap, Inc.",0D029B-E
20921963,Progress Software Corp.,000TSB-E
1301868,"Select Energy Services, Inc.",0GZN8P-E
21010518,"Catalent, Inc.",0DK9BP-E
1003992,"Strategic Education, Inc.",0JV0V2-E
22142906,"MSC Industrial Direct Co., Inc.",00119F-E
648564,"Mitek Systems, Inc.",000Q3R-E
850411,Cubic Corp.,000FFK-E
20928872,Booz Allen Hamilton Holding Corp.,00BFKV-E
1156951,"Shutterstock, Inc.",06C0XX-E
409874,AmerisourceBergen Corp.,003894-E
620767,"ServiceNow, Inc.",008L5S-E
705572,STAAR Surgical Co.,000WV5-E
418924,"Bed Bath & Beyond, Inc.",000CPT-E
21035407,"Allied Esports Entertainment, Inc.",0KFPXW-E
75039,"Smith Micro Software, Inc.",001402-E
22219474,"BJ's Wholesale Club Holdings, Inc.",0C46ZQ-E
1368552,"BioTelemetry, Inc.",00FGRT-E
426758,"Beam Therapeutics, Inc.",0JJSH9-E
1230375,Issuer Direct Corp.,009VVH-E
80386,IDT Corp.,0017M9-E
1517558,"Zoom Video Communications, Inc.",0CZ9TM-E
681722,"HealthEquity, Inc.",005SRV-E
1213097,"Vishay Intertechnology, Inc.",000YKQ-E
161743,Hooker Furnishings Corp.,002BK1-E
466507,"Enanta Pharmaceuticals, Inc.",062WH0-E
1127387,"ImmunoGen, Inc.",000M1T-E
1330164,"Identiv, Inc.",09TPP4-E
1070643,Marcus Corp.,000PFW-E
1162732,"Airbnb, Inc.",09LZGJ-E
1000950,Abercrombie & Fitch Co.,001BN4-E
980464,"Kennametal, Inc.",000NS4-E
805281,Archer-Daniels-Midland Co.,000C8L-E
736667,"Innospec, Inc.",06CSKX-E
766393,"PennyMac Financial Services, Inc.",0JVC61-E
731402,"Agile Therapeutics, Inc.",005ZCY-E
281235,"Calithera Biosciences, Inc.",09WNFN-E
505355,"Fastly, Inc.",0C8LWR-E
448771,Pareteum Corp.,002WCF-E
1087436,"Lineage Cell Therapeutics, Inc.",00135R-E
1124937,"NuVasive, Inc.",004SP8-E
150448,JetBlue Airways Corp.,003KSV-E
504111,"Okta, Inc.",09X9V8-E
22257655,"Sunnova Energy International, Inc.",0L61X5-E
818514,"Orion Energy Systems, Inc.",06P1VS-E
1528845,NorthWestern Corp.,000RGN-E
943836,"The Hanover Insurance Group, Inc.",0014B9-E
740328,TE Connectivity Ltd.,05VFN0-E
341070,"McCormick & Co., Inc.",000PLG-E
172733,Amphenol Corp.,000C3J-E
1037635,Starbucks Corp.,000WW4-E
982200,"B&G Foods, Inc.",060KMJ-E
92840,"Global Payments, Inc.",00317L-E
1010813,"Palantir Technologies, Inc.",00726J-E
282414,Bally's Corp.,0C663T-E
423472,PAREXEL International Corp.,001840-E
951665,Stryker Corp.,000X16-E
21007398,"Finjan Holdings, Inc.",0D5ZJT-E
22260888,"O-I Glass, Inc.",0LSKDP-E
574258,"Lands' End, Inc.",000NZV-E
852857,Genpact Ltd.,00986Q-E
1075458,"Riverbed Technology, Inc.",05RB5B-E
1418399,Sonoco Products Co.,000WP1-E
384868,"Corning, Inc.",000F7B-E
768598,"PerkinElmer, Inc. (United States)",002P6D-E
859782,"Digital Ally, Inc.",0618FD-E
20921455,Verizon (US),000CQ8-E
643549,"Harley-Davidson, Inc.",000LGS-E
258203,"SMART Global Holdings, Inc.",0GX0TL-E
340300,"Beyond Meat, Inc.",0CMSQ2-E
1132197,"Sally Beauty Holdings, Inc.",05LJBY-E
1446642,"Manitex International, Inc.",006CBM-E
1068525,"Biomerica, Inc.",000CVH-E
1158271,"CoStar Group, Inc.",002LP2-E
21035979,"LiveRamp Holdings, Inc.",0KMB9W-E
22182261,"Alarm.com Holdings, Inc.",07KT71-E
880809,Avista Corp.,0029Q9-E
647046,"MACOM Technology Solutions Holdings, Inc.",0BD963-E
1116588,The Kraft Heinz Co.,0FFB5P-E
775676,"NIKE, Inc.",000RBW-E
479560,"American Electric Power Co., Inc.",000BY1-E
620082,"PagerDuty, Inc.",0C608C-E
522934,"Inotiv, Inc.",001SQ4-E
263241,"Ziff Davis, Inc.",002G4B-E
22248006,Ranpak Holdings Corp.,0HJ09W-E
290469,Indivior PLC,00GFL3-E
641897,"Plug Power, Inc.",002M71-E
20924531,"TriNet Group, Inc.",002VQ2-E
600914,"Napco Security Technologies, Inc.",000QTZ-E
507096,"KBR, Inc.",05L24K-E
1328544,"Beacon Roofing Supply, Inc.",05MKTS-E
22144195,"American Axle & Manufacturing Holdings, Inc.",00231Q-E
22262395,"Shift4 Payments, Inc.",0MCBZH-E
528053,Carvana Co.,0GYGP5-E
111696,"ScanSource, Inc.",001CHY-E
428167,"Harvard Bioscience, Inc.",0031H7-E
508021,"Tandem Diabetes Care, Inc.",00B9QB-E
525326,"Interpace Biosciences, Inc.",001YSY-E
863843,Celanese Corp.,006K0D-E
217407,"Huntington Ingalls Industries, Inc.",0BFSSZ-E
21047705,Seagate Technology Holdings Plc,0NPR6B-E
289486,"Regeneron Pharmaceuticals, Inc.",000VC1-E
368536,"Accuray, Inc.",060ZXV-E
1128352,"D.R. Horton, Inc.",000LS9-E
1408931,"QuinStreet, Inc.",064DQV-E
22150537,Science Applications International Corp.,00FD97-E
1133366,"10X Genomics, Inc.",00F5F9-E
925339,"Trinity Industries, Inc.",000XX9-E
938967,"NantHealth, Inc.",00F9LC-E
1101634,"Sientra, Inc.",06SZ59-E
1468588,"Verint Systems, Inc.",003K5R-E
335395,"Stein Mart, Inc.",000WXN-E
1296028,"Stitch Fix, Inc.",0CF8RD-E
1244395,"Yext, Inc.",08594B-E
1144196,"AppFolio, Inc.",00B5D8-E
679943,"Acuity Brands, Inc.",0039G8-E
564527,"LENSAR, Inc.",006ZWY-E
439248,"Ribbon Communications, Inc.",0H55TJ-E
504210,"Nu Skin Enterprises, Inc.",001C9B-E
1174797,"Methode Electronics, Inc.",000PVZ-E
304787,"Palo Alto Networks, Inc.",0078TM-E
510254,News Corp.,00F8BV-E
21035007,"Waitr Holdings, Inc.",0K9RL7-E
335421,"FAT Brands, Inc.",0H8QD6-E
365544,"MicroStrategy, Inc.",0021NC-E
177463,"Lifetime Brands, Inc.",0015FQ-E
413253,ON Semiconductor Corp.,002S9J-E
922484,"Hanesbrands, Inc.",0089PB-E
325563,"P.F. Chang's China Bistro, Inc.",00252R-E
656613,DXC Technology Co.,0GMHQ0-E
20921451,"Becton, Dickinson & Co.",000CPS-E
816880,"Rapid7, Inc.",07DCNN-E
1256784,"F5, Inc.",002FR0-E
445083,"CenterPoint Energy, Inc.",003DJY-E
22262115,"GoodRx Holdings, Inc.",0M7SF9-E
20997979,"JELD-WEN Holding, Inc.",0BRJ5Z-E
22143882,Logitech International SA,001QBC-E
39127,"Gray Television, Inc.",00144D-E
1334293,"Nexstar Media Group, Inc.",0038YJ-E
658303,"Shift Technologies, Inc.",0MZLGF-E
1275230,Bank of Hawaii Corp.,000CKK-E
22170099,First Internet Bancorp (20950333),06F4SC-E
1213552,"Ligand Pharmaceuticals, Inc.",001175-E
1151650,ConocoPhillips,003GNF-E
116771,"Franchise Group, Inc.",00DF2N-E
22150831,"Restaurant Brands International, Inc.",00GBCG-E
8035487,"Youngevity International, Inc.",0BZXWG-E
1554,"PubMatic, Inc.",07405T-E
961524,The Boeing Co.,000CYC-E
883556,"Mace Security International, Inc.",0014N4-E
428542,"Casa Systems, Inc.",0662T7-E
211280,M&T Bank Corp.,0023BK-E
803508,"Tesla, Inc.",006XY7-E
180564,"Pioneer Power Solutions, Inc.",094YXD-E
868999,VOXX International Corp.,000CF2-E
1005273,"MongoDB, Inc.",07B3KF-E
788552,Vistra Corp.,0GL3K3-E
203399,"NetSol Technologies, Inc.",002M04-E
1095305,Southwest Airlines Co.,000WR8-E
953403,"Owens & Minor, Inc.",000SZY-E
537861,"Ocean Power Technologies, Inc.",004ZPB-E
665888,The Clorox Co.,000DV5-E
22252886,"Spectrum Brands Holdings, Inc.",0JRV8S-E
1219686,The New York Times Co.,000R9L-E
98161,"Surmodics, Inc.",001WGT-E
669476,"Broadridge Financial Solutions, Inc.",008W16-E
377578,"Bath & Body Works, Inc.",000P59-E
1058117,"Visa, Inc.",05MDRV-E
375885,Oshkosh Corp.,000SZ8-E
937458,"Reading International, Inc.",000DS9-E
1016924,"8x8, Inc.",001DNH-E
635698,Tupperware Brands Corp.,0012KJ-E
1495758,Open Text Corp.,001ZH0-E
606164,"Casey's General Stores, Inc.",000DF4-E
436191,UniFirst Corp.,000Y1D-E
786131,"MKS Instruments, Inc.",001V6Q-E
300360,FMC Corp.,000KLW-E
652095,Allegion Plc (652095),00FKBX-E
952420,"EPAM Systems, Inc.",06K82N-E
22144807,Everest Re Group Ltd.,002MSP-E
319700,"Arista Networks, Inc.",07B5JH-E
846082,Charles & Colvard Ltd.,000D5H-E
932316,Visteon Corp.,002X87-E
736220,"Automatic Data Processing, Inc.",000CFX-E
971959,"Concert Pharmaceuticals, Inc.",008F8T-E
22231334,"Cogent Communications Holdings, Inc.",0DP5GM-E
1176214,Blue Bird Corp.,00FVW1-E
1471795,"Westell Technologies, Inc.",0016S2-E
797781,"Exagen, Inc.",064NVS-E
305519,"Cumberland Pharmaceuticals, Inc.",007JGZ-E
22150686,"PlayAGS, Inc.",00FVR1-E
706561,"Lantronix, Inc.",002Y8F-E
911008,"Trevena, Inc.",073K5C-E
549058,"Rigel Pharmaceuticals, Inc.",002S8R-E
63547,"Forescout Technologies, Inc.",062Y2C-E
528949,Radian Group Inc.,002K2T-E
22149558,SecureWorks Corp.,00C48W-E
305012,"Thermo Fisher Scientific, Inc.",06LJVN-E
440342,Bio-Techne Corp.,000XKX-E
154888,Repligen Corp.,000VCV-E
152474,"Co-Diagnostics, Inc.",0GR1Q7-E
832161,"Exelixis, Inc.",002SHN-E
411213,"Neuronetics, Inc.",006VKV-E
7617622,"Ashland, Inc.",0G98QR-E
22149770,LyondellBasell Industries NV,00CJL5-E
1258394,G-III Apparel Group Ltd.,000KV4-E
196576,Immersion Corp.,002MBD-E
766798,"PLx Pharma, Inc.",0GZJT1-E
1374585,Omeros Corp.,005P05-E
133681,Kaman Corp.,000NDR-E
597637,Carnival Corp.,003GTW-E
22148144,"El Pollo Loco Holdings, Inc.",00884Z-E
402382,"Molina Healthcare, Inc.",0046TH-E
232733,"iMedia Brands, Inc.",000Y9R-E
348323,eGain Corp.,002L4J-E
606871,"Dick's Sporting Goods, Inc.",0040KQ-E
761068,"Light & Wonder, Inc.",000CG6-E
396968,Raytheon Technologies Corp.,0M6FSJ-E
303939,"Malibu Boats, Inc.",0DH9VG-E
1057249,"Alteryx, Inc.",070M60-E
1301274,Uranium Energy Corp.,007HW6-E
728359,Oil-Dri Corp. of America,000STP-E
1060666,"Zendesk, Inc.",07N5YW-E
371259,"Belden, Inc.",06S131-E
366193,Pulmonx Corp.,007QR8-E
8065592,"SELLAS Life Sciences Group, Inc.",0HTZW0-E
638399,"Autoliv, Inc.",001MF2-E
905616,"Chicken Soup for the Soul Entertainment, Inc.",0GWNQW-E
110910,Devon Energy Corp.,000HJ2-E
1183271,"Avid Technology, Inc.",000CGG-E
433295,"Minerals Technologies, Inc.",000Q24-E
786006,Hyatt Hotels Corp.,0789KJ-E
22150879,"XBiotech, Inc.",00GL6Z-E
527754,"Smartsheet, Inc.",008DJ4-E
21036313,"Surgalign Holdings, Inc.",0KQ7HW-E
502241,DISH Network Corp.,00156C-E
430232,MannKind Corp.,005SV0-E
989908,Vericel Corp.,001DJZ-E
1107166,"Aspen Aerogels, Inc.",003KB3-E
491954,"Clearside Biomedical, Inc.",0C9N4V-E
1364341,"Zion Oil & Gas, Inc.",003J47-E
914458,"Agilysys, Inc.",000TGM-E
342638,CSX Corp.,000FFC-E
674277,National Research Corp.,001RG1-E
355917,"ClearOne, Inc.",000ZYP-E
22142761,"United Parcel Service, Inc.",000Y4G-E
651088,Cerus Corp.,001BXV-E
1048297,"DermTech, Inc.",0LDW09-E
1187490,Albemarle Corp.,000BP5-E
154589,"Amedisys, Inc.",0015VP-E
637575,"Gentherm, Inc.",0010PL-E
288161,KLA Corp.,001NWQ-E
1695855,Akts,00FXK3-E
983522,Viad Corp.,000HJP-E
49704,UroGen Pharma Ltd.,0CV67B-E
299268,"HyreCar, Inc.",0HLGW4-E
1282305,ContraFect Corp.,07CR38-E
1096267,Helen of Troy Ltd.,0018J2-E
263644,"Howmet Aerospace, Inc.",0GTRCJ-E
8085549,"nCino, Inc.",0Q5FDX-E
766625,"Adobe, Inc.",000BJT-E
986341,"Procore Technologies, Inc.",074LCP-E
1214055,Eastman Kodak Co.,000HWH-E
917104,"Biogen, Inc.",00167Y-E
435316,"Tucows, Inc.",001739-E
22186652,"Hyster-Yale Materials Handling, Inc.",0819JQ-E
873807,Ciena Corp.,001FR9-E
627319,"Forrester Research, Inc.",001CK4-E
999239,"FTI Consulting, Inc.",001B91-E
1268157,"Kelly Services, Inc.",000NH4-E
51675,"Xylem, Inc.",0C4770-E
21023141,"Dell Technologies, Inc.",0GGD8K-E
7230,"LiveOne, Inc.",00CM2Q-E
21014749,"Revolve Group, Inc.",0F174K-E
1373831,"Hurco Cos., Inc.",000LVN-E
20921792,"Kulicke & Soffa Industries, Inc.",000NY1-E
842731,"Vertex, Inc.",05MDGZ-E
525718,"PTC, Inc.",000T43-E
923586,"Yelp, Inc.",007SJT-E
562042,"General Mills, Inc.",000KYW-E
1049245,"Mattel, Inc.",000PK1-E
22267151,"Aveanna Healthcare Holdings, Inc.",0NNY2Y-E
22261362,"The AZEK Co., Inc.",0M0FHK-E
1195979,"Verisk Analytics, Inc.",00BDWZ-E
143,"Applied Optoelectronics, Inc.",008X2J-E
769693,"ShotSpotter, Inc.",062GX5-E
22265682,"Affirm Holdings, Inc.",0N4938-E
322312,Danaher Corp.,000FHS-E
20929719,UTStarcom Holdings Corp.,00D5TC-E
687267,"Tempur Sealy International, Inc.",004ZZ8-E
952179,"Claxson Interactive Group, Inc.",003BXG-E
1146370,"Jabil, Inc.",0012RM-E
935684,United States Steel Corp.,003GLW-E
20924375,"Charles River Laboratories International, Inc.",002Q0C-E
245436,"Brightcove, Inc.",063CBM-E
947501,Colgate-Palmolive Co.,000DXS-E
494743,"Helios Technologies, Inc.",001D5Q-E
1401341,"NetApp, Inc.",0758Z9-E
22267578,Valaris Ltd.,0NSQBN-E
1139714,"Tapestry, Inc.",002YTH-E
22222270,"Lantheus Holdings, Inc.",0CJ670-E
1211677,"First Solar, Inc.",008FJT-E
967772,OFG Bancorp,001GNT-E
231616,"bebe stores, inc.",0021TV-E
703568,"HireQuest, Inc.",0LFT9X-E
369486,"Century Communities, Inc.",00FHSG-E
977427,"Broadcom, Inc.",0JCLYY-E
595342,"Seres Therapeutics, Inc.",0CT325-E
378883,"Cloudera, Inc.",07LHZ8-E
864132,"Merck & Co., Inc.",000PQC-E
1049277,"Champions Oncology, Inc.",06NL2Z-E
1545483,PAR Technology Corp.,000T3Y-E
971709,"Sun Life Financial, Inc.",002YSD-E
494205,"The Home Depot, Inc.",000LR9-E
22149117,Graphic Packaging Holding Co.,00B1TT-E
952481,Cyanotech Corp.,000FGJ-E
30814,"PaySign, Inc.",06L6Q9-E
337515,"Comerica, Inc.",000F01-E
1085814,"Upland Software, Inc.",0B5S8C-E
1076727,Heska Corp.,001NG4-E
1154223,American Well Corp.,0093HR-E
1404449,"John Wiley & Sons, Inc.",000YWP-E
1348852,"Liquidity Services, Inc.",006DZ7-E
248152,"CareDx, Inc.",005SGQ-E
46101,Comtech Telecommunications Corp.,000F31-E
115177,"Salesforce, Inc.",0058W5-E
1186567,"Standard BioTools, Inc.",003HR7-E
21026097,"DigitalOcean Holdings, Inc.",0GZQ1T-E
963403,Scholastic Corp.,000VS0-E
1186459,"Mersana Therapeutics, Inc.",007RJ8-E
1062606,"Agios Pharmaceuticals, Inc.",00BBFF-E
21044658,Amalgamated Financial Corp.,0MT9M9-E
721944,"TravelCenters of America, Inc.",008VCN-E
476060,"A10 Networks, Inc.",079V22-E
22145092,"Berkshire Hills Bancorp, Inc.",002VXH-E
848951,"Aviat Networks, Inc.",06JRZ2-E
1168432,"LivePerson, Inc.",002RVT-E
872339,Sempra Energy,00247H-E
8053793,"Albertsons Cos., Inc.",0FMYSW-E
1173091,"On Deck Capital, Inc.",009V77-E
22142245,Fifth Third Bancorp,000JND-E
1001770,Hexcel Corp.,000LNP-E
1426262,"XCel Brands, Inc.",002FQ2-E
20922730,"Streamline Health Solutions, Inc.",0017CW-E
22150300,Oportun Financial Corp.,00DNXD-E
463638,"WW International, Inc.",002VQN-E
439395,"Enbridge, Inc.",001ZGF-E
656100,"New Relic, Inc.",076WRN-E
539828,GrowGeneration Corp.,0FWB2F-E
857596,United Therapeutics Corp.,002G54-E
290603,Mercury General Corp.,000PQH-E
1059660,"Innovative Solutions & Support, Inc.",002XVP-E
1221768,"Fiserv, Inc.",000KJ3-E
714232,"The Hackett Group, Inc.",0020LX-E
430242,Fox Corp.,0KHSWP-E
1151189,"Vertex Pharmaceuticals, Inc.",000YJB-E
1070638,"UnitedHealth Group, Inc.",000Y3J-E
1003302,"Travere Therapeutics, Inc.",0D0JWQ-E
222592,"Avalara, Inc.",007W2L-E
20925830,"Compass Minerals International, Inc.",004FVS-E
237844,First American Financial Corp.,094YLL-E
21038694,"Dynatrace, Inc.",0L70Q2-E
22143178,Horace Mann Educators Corp.,0015BK-E
20929821,"Restoration Hardware, Inc.",00DFBD-E
22142913,The Allstate Corp.,0011FZ-E
1496058,"Bread Financial Holdings, Inc.",002RBQ-E
232175,"Spectrum Pharmaceuticals, Inc.",001DWK-E
22143924,"C.H. Robinson Worldwide, Inc.",001RND-E
160960,Huntsman Corp.,061SW6-E
62131,Virtusa Corp.,006JDY-E
197273,Amdocs Ltd.,0025KH-E
1142109,"Peloton Interactive, Inc.",00F8JF-E
963344,Incyte Corp.,000M2Q-E
22146106,"Hawaiian Holdings, Inc.",003XC8-E
1150829,Travel + Leisure Co.,068T0P-E
74385,"1-800-FLOWERS.COM, Inc.",002JD9-E
22241422,Varex Imaging Corp.,0G8KS0-E
806178,Atlantic Union Bankshares Corp.,09HT7H-E
22142788,"Washington Trust Bancorp, Inc.",000YPT-E
342375,Glaukos Corp.,008TKK-E
535792,"Cross Country Healthcare, Inc.",003B0S-E
1139545,Phillips 66,0C7248-E
18027,"The Bon-Ton Stores, Inc.",0013SM-E
541751,"Bandwidth, Inc.",05MJX8-E
1442405,"BRP Group, Inc.",0LGNNL-E
654118,Texas Instruments Incorporated (654118),000XNY-E
745033,The Walt Disney Co.,000HLG-E
828625,General Dynamics Corp.,000KYC-E
25373,The Southern Co.,000WQ5-E
772320,"Retractable Technologies, Inc.",002YZ3-E
443107,"ANSYS, Inc.",0016CD-E
416104,The ODP Corp.,0MJHR2-E
364290,"EyePoint Pharmaceuticals, Inc.",05TJPZ-E
920218,"Vital Farms, Inc.",0D1D0N-E
7969086,"Paycom Software, Inc.",00FX5R-E
726086,"PRGX Global, Inc.",00190S-E
20991909,Beam Global,09Q7Z7-E
20921942,"Altria Group, Inc.",000TCH-E
1292281,"Advanced Micro Devices, Inc.",000BK7-E
760499,Kewaunee Scientific Corp.,000NSS-E
380434,"Walker & Dunlop, Inc.",07KBQL-E
905996,"UiPath, Inc.",0J7HVD-E
807572,"HP, Inc.",000LNN-E
829185,"Marsh & McLennan Cos., Inc.",000PH0-E
806803,"Drive Shack, Inc.",0026K5-E
22142112,Capital One Financial Corp.,000DB4-E
107613,"Fossil Group, Inc.",000KPH-E
513534,Madison Square Garden Entertainment Corp.,0M3FN0-E
826936,"Vera Bradley, Inc.",00CNZ0-E
754499,"Cohu, Inc.",000DXK-E
669865,Chase Corp.,000DN3-E
22144246,"Lincoln Electric Holdings, Inc.",002499-E
195805,"KAR Auction Services, Inc.",06Q9HM-E
1181876,WestRock Co.,0KBSXG-E
1311281,"Trimble, Inc.",00182C-E
20957436,Avaya Holdings Corp.,06YZ9R-E
339161,Sleep Number Corp.,0026CQ-E
678236,Veritiv Corp.,0DQ51S-E
1426066,"Corcept Therapeutics, Inc.",003H0G-E
112183,MGM Resorts International,000PYP-E
171890,"AstroNova, Inc.",000CCP-E
561336,"Zscaler, Inc.",07NR9R-E
38171,Boyd Gaming Corp.,00142F-E
22245407,The Simply Good Foods Co.,0GYY45-E
384634,"Mestek, Inc.",000PVS-E
573442,Zebra Technologies Corp.,000Z32-E
888557,The Timken Co.,000XRD-E
22146297,AXIS Capital Holdings Ltd.,004BVL-E
1109560,Pfizer Inc.,000TBT-E
538638,Dover Corp.,000HN5-E
3576,"Ethan Allen Interiors, Inc.",0011CH-E
76312,"NanoString Technologies, Inc.",065C1X-E
468922,"Sonic Automotive, Inc.",001RJL-E
600578,"Crown Holdings, Inc.",05KK69-E
77051,Lionbridge Technologies LLC (Delware),002L85-E
946082,LendingClub Corp.,009K9R-E
311348,"SPS Commerce, Inc.",05L9QP-E
24434,"Voya Financial, Inc.",05LY00-E
1370,"Pinterest, Inc.",00C5ZQ-E
9049,"Freshpet, Inc.",0095GF-E
444851,"Ideal Power, Inc.",00CYG0-E
7375,"Marriott International, Inc.",001YRD-E
22253116,"Elanco Animal Health, Inc.",0JVC5L-E
376276,"Rimini Street, Inc.",0HHL8B-E
1076393,"Paychex, Inc.",000T67-E
988580,NewMarket Corp.,005KT5-E
861856,"electroCore, Inc.",09ZYR2-E
393421,"Anterix, Inc.",006FLJ-E
6026,"Veeva Systems, Inc.",00938Y-E
371876,Parker-Hannifin Corp.,000T4W-E
1339386,"Tootsie Roll Industries, Inc.",000XSD-E
294759,"Evolent Health, Inc.",0D48PX-E
1490159,Fair Isaac Corp.,000JFV-E
464717,AECOM,05MQRP-E
578484,"Entegris, Inc.",002QS3-E
378605,"Marathon Digital Holdings, Inc.",00CY6L-E
713975,"Red Robin Gourmet Burgers, Inc.",003WTW-E
22148054,"Genius Brands International, Inc.",0082SV-E
343942,"DocuSign, Inc.",005WNY-E
7525063,"Delta Apparel, Inc.",002QY0-E
949223,"Viatris, Inc.",0LKLMN-E
866870,"H&R Block, Inc.",000LCV-E
358422,"QAD, Inc.",001PLQ-E
20929890,"CrowdStrike Holdings, Inc.",00DL89-E
597965,Dean Foods Co.,0015Q5-E
22144010,"Choice Hotels International, Inc.",001W1C-E
1071058,"Homology Medicines, Inc.",0FZZYY-E
1159326,Energy Transfer LP,067JKW-E
220173,Global Industrial Co.,00159H-E
203615,"PGT Innovations, Inc.",0082WG-E
1318676,"Magnite, Inc.",06Y444-E
244971,Hormel Foods Corp.,000LS4-E
12976,"Unifi, Inc.",000Y1C-E
124546,"PPG Industries, Inc.",000TLX-E
896036,"Harte-Hanks, Inc.",0022S1-E
1235888,CVD Equipment Corp.,0019JB-E
1214068,"Cloudflare, Inc.",00C9MC-E
1467860,"Insight Enterprises, Inc.",0014LH-E
80824,Waters Corp.,0011S2-E
598085,"Aerojet Rocketdyne Holdings, Inc.",000KXW-E
1012421,Commercial Metals Co.,000F0N-E
1035037,"Ulta Beauty, Inc.",0GT085-E
861516,"The Bancorp, Inc. (Delaware)",05TNM0-E
97906,"SunRun, Inc.",009TBL-E
1433732,"Wolverine World Wide, Inc.",000YZW-E
22242854,Johnson Controls International Plc,0GHYSV-E
1104097,American Express Co.,000BY7-E
22142741,Trustmark Corp.,000XYC-E
735941,"Cass Information Systems, Inc.",0014DR-E
432986,"Marinus Pharmaceuticals, Inc.",006M3L-E
1063708,"CorMedix, Inc.",009KMF-E
1330983,"ViaSat, Inc.",001CQK-E
1148476,"Werner Enterprises, Inc.",000YSM-E
1352575,"Oceaneering International, Inc.",000SSJ-E
979313,"SI-BONE, Inc.",00BXYG-E
1418083,FONAR Corp.,000KM4-E
407941,"FuelCell Energy, Inc.",002MX0-E
107527,CytoSorbents Corp.,06J02W-E
354708,"Conagra Brands, Inc.",000F36-E
801853,"MoneyGram International, Inc.",05YXKG-E
22247778,Sensata Technologies Holding Plc (21028344),0HGH7H-E
426997,eMagin Corp.,0025F4-E
470932,"Penske Automotive Group, Inc.",0019FP-E
1026108,"e.l.f. Beauty, Inc.",00FYXW-E
1424574,"Guardant Health, Inc.",00FYYJ-E
1283933,"Activision Blizzard, Inc.",079SG6-E
1302930,Whirlpool Corp.,000YVZ-E
22142685,Stewart Information Services Corp.,000WYS-E
306104,TransUnion,0CD72R-E
1362187,"Insmed, Inc.",002T0L-E
1496843,"W.W. Grainger, Inc.",000L76-E
1491991,"Advanced Energy Industries, Inc.",00141M-E
22145415,"Big Lots, Inc.",0038QK-E
439304,"Agilent Technologies, Inc.",002LV5-E
1004367,"Trex Co., Inc.",0026PK-E
722997,"Azenta, Inc.",0011GL-E
370633,"Wyndham Hotels & Resorts, Inc.",0J7VR6-E
813547,"nLIGHT, Inc.",005P7X-E
1006115,The Hershey Co.,000LNJ-E
22172379,"Fidelity National Financial, Inc.",06LK0R-E
7503220,"Maxar Technologies, Inc.",0KFCSR-E
692895,"Winnebago Industries, Inc.",000YXH-E
22150501,"SeaWorld Entertainment, Inc.",00F8JT-E
1416824,The Toronto-Dominion Bank,00136Q-E
602361,"Intevac, Inc.",0013JQ-E
171190,"RingCentral, Inc.",05MGZP-E
1227803,"Xcel Energy, Inc.",0030MN-E
73599,"Ocular Therapeutix, Inc.",0093DV-E
861768,"Fisker, Inc.",0N26QV-E
20962765,"Wilhelmina International, Inc.",07KW7S-E
63343,"Teledyne Technologies, Inc.",002MPN-E
902387,Hess Corp.,000BVL-E
1141344,"Quotient Technology, Inc.",05MVFN-E
20924380,"AlliedSignal, Inc.",002Q2X-E
753532,"Perficient, Inc.",002HH1-E
344857,"Omnicell, Inc.",002XCP-E
1422815,"Aflac, Inc.",000BMH-E
29397,"Douglas Dynamics, Inc.",09QHM9-E
134293,"Predictive Oncology, Inc.",07BBNM-E
832681,"Lemonade, Inc.",00B63D-E
1143189,"Rockwell Automation, Inc.",000VJS-E
627874,"PhaseBio Pharmaceuticals, Inc.",005VP1-E
1144559,"scPharmaceuticals, Inc.",0DMXVQ-E
1006102,Tractor Supply Co.,0019FL-E
332849,Ameren Corp.,000ZPG-E
96204,"Hawkins, Inc.",000LKG-E
385194,Farmer Brothers Co.,000JGQ-E
557755,J&J Snack Foods Corp.,000N7G-E
1014940,"Tattooed Chef, Inc.",0MGF6V-E
876331,"NewAge, Inc.",0GG0L4-E
6804,"Archrock, Inc.",0094JK-E
865092,"Teleflex, Inc.",000XLT-E
1073501,"Akamai Technologies, Inc.",002M0S-E
903784,"AbbVie, Inc.",00DYYX-E
56698,"Live Nation Entertainment, Inc.",09HB7M-E
968188,Columbia Sportswear Co.,001WFT-E
1444763,Flex Ltd.,0015XK-E
860320,Ford Motor Co.,000KN2-E
866555,"Computer Programs & Systems, Inc.",003TCK-E
919186,"eHealth, Inc.",0086T9-E
119087,"Cirrus Logic, Inc.",000DS3-E
1255113,"Shake Shack, Inc.",00GJ4D-E
781189,"Saia, Inc.",06HQZB-E
75236,"M/I Homes, Inc.",000PBR-E
291043,"BioCryst Pharmaceuticals, Inc.",000CVC-E
292869,"Sensus Healthcare, Inc.",00CNZW-E
924772,"Duck Creek Technologies, Inc.",0MMPD6-E
22228113,"Premier, Inc. (North Carolina)",0D9NKC-E
20924440,"Smith & Wesson Brands, Inc.",002RJK-E
1286178,"Inari Medical, Inc.",0DRK4T-E
517282,"AudioEye, Inc.",0088DL-E
912348,Exxon Mobil Corp.,002Q0G-E
891660,Callaway Golf Co.,000D7S-E
1212650,"Air Transport Services Group, Inc.",071X8W-E
300370,Synchrony Financial,0DMFBQ-E
14274,"Asure Software, Inc.",0011FM-E
1358186,"Navidea Biopharmaceuticals, Inc.",000R5C-E
1155008,Newtek Business Services Corp.,00308Y-E
382720,"Arrow Electronics, Inc.",000C9V-E
468841,"ICU Medical, Inc.",000LXY-E
1271407,Cognex Corp.,000DX7-E
563813,"Rambus, Inc.",001LXS-E
623259,"Iteris, Inc.",060J6T-E
925463,"TrueCar, Inc.",07G3RZ-E
639377,"Henry Schein, Inc.",00148F-E
516698,"LendingTree, Inc.",00B740-E
1425861,"Constant Contact, Inc.",064NCC-E
841424,Glatfelter Corp.,000L27-E
134364,McGrath RentCorp,000PLY-E
586388,"Oragenics, Inc.",0043MF-E
110490,"CarMax, Inc.",003TXQ-E
7969203,"Wayfair, Inc.",00G8SJ-E
22260241,"NexTier Oilfield Solutions, Inc.",0LKXD0-E
1187789,"Skechers U.S.A., Inc.",00255B-E
1481519,"Energy Recovery, Inc.",009FPD-E
21017277,"Lindblad Expeditions Holdings, Inc.",0FL0RD-E
1414577,Roblox Corp.,006T63-E
305293,"fuboTV, Inc.",00CG0Y-E
666705,"Silicon Laboratories, Inc.",002RHJ-E
1061141,"Zoetis, Inc.",05W76S-E
1208016,UMB Financial Corp.,000Y0T-E
6825,"Sturm, Ruger & Co., Inc.",000X19-E
317822,"EverQuote, Inc.",0C2M07-E
239196,"Qualys, Inc.",0057L6-E
949784,"Microchip Technology, Inc.",000PZP-E
945567,Lattice Semiconductor Corp.,000P0H-E
949998,"CACI International, Inc.",000D66-E
973377,"Movado Group, Inc.",0016GS-E
1363321,"GoHealth, Inc.",0MH7VQ-E
68833,"Innodata, Inc.",0019ZG-E
1096535,H.B. Fuller Co.,000KT8-E
789230,APA Corp.,0NG9QC-E
199925,"Mannatech, Inc.",0021N7-E
584818,"Dropbox, Inc.",081V7W-E
1015508,Nordson Corp.,000RCZ-E
244817,"Mercury Systems, Inc.",001VLJ-E
532069,Briggs & Stratton Corp.,000D1N-E
841220,"Vishay Precision Group, Inc.",0889LB-E
1014538,"ORBCOMM, Inc.",0647CC-E
497447,Vicor Corp.,000YJQ-E
280930,Aramark (280930),06V4FD-E
925445,Clarivate Plc,0KZ38W-E
982203,Lincoln National Corp.,000P5T-E
980704,"Myriad Genetics, Inc.",001D3K-E
735371,Signet Jewelers Ltd.,07D16M-E
400257,"BorgWarner, Inc.",000CZ5-E
22238486,"loanDepot, Inc.",0FT73Z-E
1353141,Dollar General Corp.,000HM8-E
1186313,"Societal CDMO, Inc.",07BKS2-E
22237708,"Xtant Medical Holdings, Inc.",0FNZFT-E
136615,"LogicMark, Inc.",00FB5H-E
20928147,"PROS Holdings, Inc.",00957R-E
209950,Ocwen Financial Corp.,0016WP-E
57610,Terex Corp.,000XNL-E
1131032,"Align Technology, Inc.",0032VQ-E
333684,Graham Holdings Co.,000YPP-E
20930385,Evoqua Water Technologies Corp.,00G27M-E
516601,"Emergent BioSolutions, Inc.",0643X2-E
765883,"First Foundation, Inc.",0B09XC-E
293021,Carpenter Technology Corp.,000DDH-E
383532,"NextGen Healthcare, Inc.",000V6D-E
1340601,Markel Corp.,000PGJ-E
777168,"Lowe's Cos., Inc.",000P9L-E
823308,CorVel Corp.,000F9S-E
20928263,Ss&C LLC,009C1N-E
15046,"Heron Therapeutics, Inc.",000BKB-E
487213,"HealthStream, Inc.",002NJ2-E
7436,"Nautilus, Inc.",05HX7T-E
512022,"Shockwave Medical, Inc.",0DKCKK-E
169544,"Dominion Energy, Inc.",000HMG-E
437269,Integra LifeSciences Holdings Corp.,0011X7-E
240707,"CleanSpark, Inc.",00BL9Z-E
1230770,Accenture Plc,00C5YS-E
913473,"Bio-Rad Laboratories, Inc.",000CV4-E
599599,"Iridium Communications, Inc.",0858SK-E
233402,"Avis Budget Group, Inc.",000FFL-E
22150631,"Benefitfocus, Inc.",00FN6X-E
850271,"Nephros, Inc.",0043W1-E
245798,"Commvault Systems, Inc.",05TGZC-E
7963541,"Texas Capital Bancshares, Inc.",002XNG-E
571704,"Pinnacle Financial Partners, Inc.",002YFC-E
741239,"OpGen, Inc.",005ZCD-E
234211,"EVERTEC, Inc.",0CP3MG-E
1121881,"Pure Storage, Inc.",0B9DTB-E
746747,"Asensus Surgical, Inc.",0DGV6L-E
287155,"Syneos Health, Inc.",0HVK11-E
493259,"Inogen, Inc.",005ZP1-E
22142648,The Sherwin-Williams Co.,000WF5-E
513460,Procter & Gamble Co.,000TRY-E
1315467,"Prudential Financial, Inc.",00371D-E
1122234,Bristol Myers Squibb Co.,000D1R-E
1084896,Stratasys Ltd.,0CWG9C-E
856372,F.N.B. Corp. (Pennsylvania),000KM3-E
22145277,Magellan Midstream Partners LP,0032HQ-E
290866,"Blackbaud, Inc.",005JC3-E
454021,"ThermoGenesis Holdings, Inc.",000Z9G-E
1244001,"Equifax, Inc.",000J81-E
22143408,"Universal Insurance Holdings, Inc.",0018XB-E
955056,Six Flags Entertainment Corp.,09R3D9-E
104010,Freelancer Ltd.,0011MT-E
421002,"Gartner, Inc.",00118W-E
806964,"Avid Bioservices, Inc.",000XKZ-E
790988,Travelzoo Inc.,0034V8-E
574218,"HomeStreet, Inc.",064Q58-E
366870,"Ecolab, Inc.",000HXM-E
491397,"XPO Logistics, Inc.",06GPGV-E
1047983,"Caterpillar, Inc.",000DFY-E
1101646,SiTime Corp.,06HLXP-E
22148838,"Allison Transmission Holdings, Inc.",009L9L-E
1041579,Turtle Beach Corp.,00CNHS-E
21040896,"Virgin Galactic Holdings, Inc.",0LKLS8-E
1349806,"Vail Resorts, Inc.",0018DX-E
1104462,"Mastech Digital, Inc.",00B8Z7-E
20929792,"U.S. Silica Holdings, Inc.",00DC0M-E
247201,The Toro Co.,000XSP-E
350953,Microsoft Corp.,000Q07-E
1185745,"Signature Bank (New York, New York)",05WQZB-E
452508,"MGP Ingredients, Inc.",0C9SZX-E
22239340,"Senseonics Holdings, Inc.",0FYZXV-E
1037268,"Ambarella, Inc.",0068TJ-E
392647,Primo Water Corp.,000F9Z-E
22144498,"Domino's Pizza, Inc.",002F57-E
759114,"Mission Produce, Inc.",07CMGS-E
241592,Nevro Corp.,06THXX-E
22144872,"Alaska Communications Systems Group, Inc.",002P04-E
187339,"American Eagle Outfitters, Inc.",0013HM-E
399505,"Cardlytics, Inc.",07NK44-E
964036,"XPEL, Inc.",006494-E
22142569,"The PNC Financial Services Group, Inc.",000TJ9-E
587582,"Envestnet, Inc.",09YDML-E
546509,IDEX Corp.,000LY4-E
280940,WidePoint Corp.,001Q4H-E
494864,Playa Hotels & Resorts NV,0GQHX8-E
771654,"TELA Bio, Inc.",00F7CN-E
1133445,"Walgreens Boots Alliance, Inc.",0DVRCL-E
1270063,"Motorola Solutions, Inc.",0BC4VB-E
650332,"Impinj, Inc.",0635TB-E
1129530,"Yield10 Bioscience, Inc.",005RFL-E
679645,Kopin Corp.,0014MK-E
642378,Lennar Corp.,001W7N-E
